{
  "timestamp": "2025-11-17T17:02:31.945396",
  "platform_type": "circular",
  "platform_radius_m": 0.1,
  "platform_center_pixels": [
    217,
    221
  ],
  "platform_radius_pixels": 174.6458267946123,
  "camera": {
    "index": 1,
    "frame_width": 640,
    "frame_height": 480
  },
  "ball_detection": {
    "lower_hsv": [
      12.0,
      149.2,
      151.65
    ],
    "upper_hsv": [
      27.0,
      255.0,
      241.35
    ]
  },
  "calibration": {
    "pixel_to_meter_ratio": 0.0005725874006574598,
    "pixel_to_meter_ratio_x": 0.0005725874006574598,
    "pixel_to_meter_ratio_y": 0.0005725874006574598,
    "position_min_x_m": -0.10213603399721538,
    "position_max_x_m": 0.083577683765826,
    "position_min_y_m": -0.019294165799294265,
    "position_max_y_m": 0.013709407729473344
  },
  "servo": {
    "port": "COM3",
    "ports": [
      "COM3"
    ],
    "neutral_angles": [
      15,
      15,
      15
    ],
    "motor_direction_invert": [
      false,
      false,
      false
    ]
  },
  "pid": {
    "Kp_x": 0.6,
    "Ki_x": 0.245,
    "Kd_x": 0.565,
    "Kp_y": 0.6,
    "Ki_y": 0.27,
    "Kd_y": 0.6
  },
  "platform": {
    "max_roll_angle": 15.0,
    "max_pitch_angle": 15.0,
    "roll_direction_invert": true
  },
  "motor_positions_pixels": [
    [
      112,
      82
    ],
    [
      161,
      387
    ],
    [
      388,
      186
    ]
  ],
  "motor_angles_deg": [
    232.93275831417208,
    108.64179189369933,
    348.4325601384009
  ],
  "axis_rotation_deg": -142.93275831417208
}