{
  "timestamp": "2025-11-10T22:37:17.097096",
  "platform_type": "circular",
  "platform_radius_m": 0.1,
  "platform_center_pixels": [
    306,
    226
  ],
  "platform_radius_pixels": 151.46286673637206,
  "camera": {
    "index": 1,
    "frame_width": 640,
    "frame_height": 480
  },
  "ball_detection": {
    "lower_hsv": [
      12.0,
      143.45,
      134.25
    ],
    "upper_hsv": [
      27.0,
      255.0,
      255.0
    ]
  },
  "calibration": {
    "pixel_to_meter_ratio": 0.0006602278311162201,
    "pixel_to_meter_ratio_x": 0.0006602278311162201,
    "pixel_to_meter_ratio_y": 0.0006602278311162201,
    "position_min_x_m": -0.017663950836249685,
    "position_max_x_m": 0.020617203866068332,
    "position_min_y_m": -0.09051174178710941,
    "position_max_y_m": 0.08073323202414555
  },
  "servo": {
    "ports": [
      "COM3",
      "COM4",
      "COM5"
    ],
    "neutral_angles": [
      15,
      15,
      15
    ],
    "motor_direction_invert": [
      false,
      false,
      true
    ]
  },
  "pid": {
    "Kp_x": 10.0,
    "Ki_x": 0.0,
    "Kd_x": 0.0,
    "Kp_y": 10.0,
    "Ki_y": 0.0,
    "Kd_y": 0.0
  },
  "platform": {
    "max_roll_angle": 15.0,
    "max_pitch_angle": 15.0
  }
}