{
  "timestamp": "2025-11-22T14:56:12.625027",
  "platform_type": "circular",
  "platform_radius_m": 0.15,
  "platform_center_pixels": [
    261,
    207
  ],
  "platform_radius_pixels": 166.654850547057,
  "camera": {
    "index": 1,
    "frame_width": 640,
    "frame_height": 480
  },
  "ball_detection": {
    "lower_hsv": [
      7.0,
      124.0,
      199.0
    ],
    "upper_hsv": [
      22.0,
      199.0,
      255.0
    ]
  },
  "calibration": {
    "pixel_to_meter_ratio": 0.000900063811569923,
    "pixel_to_meter_ratio_x": 0.000900063811569923,
    "pixel_to_meter_ratio_y": 0.000900063811569923
  },
  "motor_positions_pixels": [
    [
      351,
      348
    ],
    [
      352,
      68
    ],
    [
      95,
      194
    ]
  ],
  "motor_angles_deg": [
    57.35160203014243,
    303.0576517977893,
    184.7074741897758
  ],
  "axis_rotation_deg": 57.35160203014243,
  "servo": {
    "ports": [
      "COM3",
      "COM4",
      "COM5"
    ],
    "neutral_angles": [
      15,
      15,
      15
    ],
    "baud_rate": 115200,
    "write_timeout_ms": 50,
    "timeout_seconds": 1.0
  },
  "pid": {
    "Kp_x": 0.6,
    "Ki_x": 0.1,
    "Kd_x": 0.4,
    "Kp_y": 0.6,
    "Ki_y": 0.1,
    "Kd_y": 0.4
  },
  "platform": {
    "max_roll_angle": 15.0,
    "max_pitch_angle": 15.0
  },
  "offset_adjustment_deg": 0.0
}