{
  "timestamp": "2025-11-25T15:58:49.722446",
  "platform_type": "circular",
  "platform_radius_m": 0.15,
  "platform_center_pixels": [
    295,
    257
  ],
  "platform_radius_pixels": 169.73941098584064,
  "camera": {
    "index": 1,
    "frame_width": 640,
    "frame_height": 480
  },
  "ball_detection": {
    "lower_hsv": [
      10.0,
      151.5,
      128.5
    ],
    "upper_hsv": [
      26.0,
      255.0,
      219.5
    ]
  },
  "calibration": {
    "pixel_to_meter_ratio": 0.0008837075557691945,
    "pixel_to_meter_ratio_x": 0.0008837075557691945,
    "pixel_to_meter_ratio_y": 0.0008837075557691945
  },
  "motor_positions_pixels": [
    [
      405,
      387
    ],
    [
      369,
      104
    ],
    [
      126,
      259
    ]
  ],
  "motor_angles_deg": [
    49.927380438786024,
    295.57347517099583,
    179.36216950143051
  ],
  "axis_rotation_deg": 49.927380438786024,
  "servo": {
    "ports": [
      "COM3",
      "COM4",
      "COM5"
    ],
    "neutral_angles": [
      15,
      15,
      15
    ],
    "baud_rate": 115200,
    "write_timeout_ms": 50,
    "timeout_seconds": 1.0
  },
  "pid": {
    "Kp_x": 0.55,
    "Ki_x": 0.1,
    "Kd_x": 0.3,
    "Kp_y": 0.55,
    "Ki_y": 0.1,
    "Kd_y": 0.3
  },
  "platform": {
    "max_roll_angle": 15.0,
    "max_pitch_angle": 15.0
  },
  "offset_adjustment_deg": 0.0
}