{
  "timestamp": "2025-11-22T17:55:25.687575",
  "platform_type": "circular",
  "platform_radius_m": 0.15,
  "platform_center_pixels": [
    254,
    231
  ],
  "platform_radius_pixels": 177.50685124468723,
  "camera": {
    "index": 1,
    "frame_width": 640,
    "frame_height": 480
  },
  "ball_detection": {
    "lower_hsv": [
      11.0,
      189.0,
      137.0
    ],
    "upper_hsv": [
      26.0,
      255.0,
      191.0
    ]
  },
  "calibration": {
    "pixel_to_meter_ratio": 0.000845037805291414,
    "pixel_to_meter_ratio_x": 0.000845037805291414,
    "pixel_to_meter_ratio_y": 0.000845037805291414
  },
  "motor_positions_pixels": [
    [
      314,
      399
    ],
    [
      378,
      104
    ],
    [
      84,
      183
    ]
  ],
  "motor_angles_deg": [
    70.48317819699143,
    313.9979843669357,
    195.92095808920752
  ],
  "axis_rotation_deg": 70.48317819699143,
  "servo": {
    "ports": [
      "COM3",
      "COM4",
      "COM5"
    ],
    "neutral_angles": [
      15,
      15,
      15
    ],
    "baud_rate": 115200,
    "write_timeout_ms": 50,
    "timeout_seconds": 1.0
  },
  "pid": {
    "Kp_x": 0.6,
    "Ki_x": 0.1,
    "Kd_x": 0.4,
    "Kp_y": 0.6,
    "Ki_y": 0.1,
    "Kd_y": 0.4
  },
  "platform": {
    "max_roll_angle": 15.0,
    "max_pitch_angle": 15.0
  },
  "offset_adjustment_deg": 0.0
}