{
  "timestamp": "2025-11-22T17:13:58.431679",
  "platform_type": "circular",
  "platform_radius_m": 0.15,
  "platform_center_pixels": [
    257,
    234
  ],
  "platform_radius_pixels": 170.5076338740332,
  "camera": {
    "index": 1,
    "frame_width": 640,
    "frame_height": 480
  },
  "ball_detection": {
    "lower_hsv": [
      12.0,
      169.9,
      136.0
    ],
    "upper_hsv": [
      26.0,
      255.0,
      204.0
    ]
  },
  "calibration": {
    "pixel_to_meter_ratio": 0.0008797260075218466,
    "pixel_to_meter_ratio_x": 0.0008797260075218466,
    "pixel_to_meter_ratio_y": 0.0008797260075218466
  },
  "motor_positions_pixels": [
    [
      324,
      392
    ],
    [
      377,
      113
    ],
    [
      93,
      191
    ]
  ],
  "motor_angles_deg": [
    67.1409824983003,
    314.37098753280634,
    194.9140256201984
  ],
  "axis_rotation_deg": 67.1409824983003,
  "servo": {
    "ports": [
      "COM3",
      "COM4",
      "COM5"
    ],
    "neutral_angles": [
      15,
      15,
      15
    ],
    "baud_rate": 115200,
    "write_timeout_ms": 50,
    "timeout_seconds": 1.0
  },
  "pid": {
    "Kp_x": 0.6,
    "Ki_x": 0.1,
    "Kd_x": 0.4,
    "Kp_y": 0.6,
    "Ki_y": 0.1,
    "Kd_y": 0.4
  },
  "platform": {
    "max_roll_angle": 15.0,
    "max_pitch_angle": 15.0
  },
  "offset_adjustment_deg": 0.0
}