{
  "timestamp": "2025-11-10T23:17:39.625463",
  "platform_type": "circular",
  "platform_radius_m": 0.1,
  "platform_center_pixels": [
    301.2962559860688,
    209.63191118850676
  ],
  "platform_radius_pixels": 148.71150090431487,
  "camera": {
    "index": 1,
    "frame_width": 640,
    "frame_height": 480
  },
  "ball_detection": {
    "lower_hsv": [
      10.0,
      144.6,
      107.8
    ],
    "upper_hsv": [
      26.0,
      255.0,
      255.0
    ]
  },
  "calibration": {
    "pixel_to_meter_ratio": 0.0006724429475319652,
    "pixel_to_meter_ratio_x": 0.0006724429475319652,
    "pixel_to_meter_ratio_y": 0.0006724429475319652,
    "position_min_x_m": -0.08000000000000002,
    "position_max_x_m": 0.08000000000000002,
    "position_min_y_m": -0.08000000000000002,
    "position_max_y_m": 0.08000000000000002
  },
  "servo": {
    "ports": [
      "COM3",
      "COM4",
      "COM5"
    ],
    "neutral_angles": [
      15,
      15,
      15
    ],
    "motor_direction_invert": [
      false,
      false,
      true
    ],
    "port": "COM3"
  },
  "pid": {
    "Kp_x": 10.0,
    "Ki_x": 0.0,
    "Kd_x": 0.0,
    "Kp_y": 10.0,
    "Ki_y": 0.0,
    "Kd_y": 0.0
  },
  "platform": {
    "max_roll_angle": 15.0,
    "max_pitch_angle": 15.0
  },
  "motor_points_pixels": [
    [
      275,
      356
    ],
    [
      440,
      156
    ],
    [
      190,
      111
    ]
  ],
  "motor_angles_deg": [
    100.18501434353395,
    338.8602481988083,
    221.5476992446551
  ],
  "motor_indices": [
    0,
    2,
    1
  ],
  "motor_positions_deg": [
    90,
    210,
    330
  ]
}