{
  "timestamp": "2025-11-24T16:08:43.430027",
  "platform_type": "circular",
  "platform_radius_m": 0.15,
  "platform_center_pixels": [
    265,
    244
  ],
  "platform_radius_pixels": 166.99678393197826,
  "camera": {
    "index": 1,
    "frame_width": 640,
    "frame_height": 480
  },
  "ball_detection": {
    "lower_hsv": [
      12.0,
      160.7,
      147.0
    ],
    "upper_hsv": [
      25.0,
      255.0,
      208.0
    ]
  },
  "calibration": {
    "pixel_to_meter_ratio": 0.0008982208906555862,
    "pixel_to_meter_ratio_x": 0.0008982208906555862,
    "pixel_to_meter_ratio_y": 0.0008982208906555862
  },
  "motor_positions_pixels": [
    [
      334,
      397
    ],
    [
      378,
      121
    ],
    [
      103,
      207
    ]
  ],
  "motor_angles_deg": [
    65.86144185055095,
    312.2543344066844,
    193.01389136067107
  ],
  "axis_rotation_deg": 65.86144185055095,
  "servo": {
    "ports": [
      "COM3",
      "COM4",
      "COM5"
    ],
    "neutral_angles": [
      15,
      15,
      15
    ],
    "baud_rate": 115200,
    "write_timeout_ms": 50,
    "timeout_seconds": 1.0
  },
  "pid": {
    "Kp_x": 0.55,
    "Ki_x": 0.1,
    "Kd_x": 0.3,
    "Kp_y": 0.55,
    "Ki_y": 0.1,
    "Kd_y": 0.3
  },
  "platform": {
    "max_roll_angle": 15.0,
    "max_pitch_angle": 15.0
  },
  "offset_adjustment_deg": 0.0
}