{
  "timestamp": "2025-11-22T01:38:29.247179",
  "platform_type": "circular",
  "platform_radius_m": 0.15,
  "platform_center_pixels": [
    283,
    239
  ],
  "platform_radius_pixels": 171.14296257865556,
  "camera": {
    "index": 1,
    "frame_width": 640,
    "frame_height": 480
  },
  "ball_detection": {
    "lower_hsv": [
      12.0,
      229.0,
      133.0
    ],
    "upper_hsv": [
      26.0,
      255.0,
      179.0
    ]
  },
  "calibration": {
    "pixel_to_meter_ratio": 0.0008764602279866549,
    "pixel_to_meter_ratio_x": 0.0008764602279866549,
    "pixel_to_meter_ratio_y": 0.0008764602279866549
  },
  "motor_positions_pixels": [
    [
      155,
      126
    ],
    [
      250,
      407
    ],
    [
      444,
      180
    ]
  ],
  "motor_angles_deg": [
    221.3864154389968,
    101.25502651253097,
    339.7810658964196
  ],
  "axis_rotation_deg": 221.3864154389968,
  "servo": {
    "ports": [
      "COM3",
      "COM4",
      "COM5"
    ],
    "neutral_angles": [
      15,
      15,
      15
    ],
    "baud_rate": 115200,
    "write_timeout_ms": 50,
    "timeout_seconds": 1.0
  },
  "pid": {
    "Kp_x": 1,
    "Ki_x": 0.0,
    "Kd_x": 0.0,
    "Kp_y": 1,
    "Ki_y": 0.0,
    "Kd_y": 0.0
  },
  "platform": {
    "max_roll_angle": 15.0,
    "max_pitch_angle": 15.0
  }
}