{
  "timestamp": "2025-11-11T00:48:56.181509",
  "platform_type": "circular",
  "platform_radius_m": 0.1,
  "platform_center_pixels": [
    241,
    161
  ],
  "platform_radius_pixels": 157.4357011608231,
  "camera": {
    "index": 1,
    "frame_width": 640,
    "frame_height": 480
  },
  "ball_detection": {
    "lower_hsv": [
      12.0,
      160.7,
      133.1
    ],
    "upper_hsv": [
      27.0,
      255.0,
      255.0
    ]
  },
  "calibration": {
    "pixel_to_meter_ratio": 0.000635179944972255,
    "pixel_to_meter_ratio_x": 0.000635179944972255,
    "pixel_to_meter_ratio_y": 0.000635179944972255,
    "position_min_x_m": -0.08250498435109507,
    "position_max_x_m": 0.07573746810310936,
    "position_min_y_m": -0.029181175290112375,
    "position_max_y_m": 0.019132677517754222,
    "coordinate_rotation_degrees": 135.0
  },
  "servo": {
    "ports": [
      "COM3",
      "COM4",
      "COM5"
    ],
    "neutral_angles": [
      15,
      15,
      15
    ],
    "motor_direction_invert": [
      false,
      true,
      false
    ]
  },
  "pid": {
    "Kp_x": 10.0,
    "Ki_x": 0.0,
    "Kd_x": 0.0,
    "Kp_y": 10.0,
    "Ki_y": 0.0,
    "Kd_y": 0.0
  },
  "platform": {
    "max_roll_angle": 15.0,
    "max_pitch_angle": 15.0
  }
}