{
  "timestamp": "2025-11-22T02:20:15.991134",
  "platform_type": "circular",
  "platform_radius_m": 0.15,
  "platform_center_pixels": [
    258,
    248
  ],
  "platform_radius_pixels": 169.3039087035217,
  "camera": {
    "index": 1,
    "frame_width": 640,
    "frame_height": 480
  },
  "ball_detection": {
    "lower_hsv": [
      13.0,
      202.0,
      139.0
    ],
    "upper_hsv": [
      26.0,
      255.0,
      202.0
    ]
  },
  "calibration": {
    "pixel_to_meter_ratio": 0.0008859807263084165,
    "pixel_to_meter_ratio_x": 0.0008859807263084165,
    "pixel_to_meter_ratio_y": 0.0008859807263084165
  },
  "motor_positions_pixels": [
    [
      104,
      319
    ],
    [
      406,
      331
    ],
    [
      272,
      80
    ]
  ],
  "motor_angles_deg": [
    155.47612473635903,
    29.074788140149387,
    274.73285673840485
  ],
  "axis_rotation_deg": 155.47612473635903,
  "servo": {
    "port": "COM3",
    "ports": [
      "COM3"
    ],
    "neutral_angles": [
      15,
      15,
      15
    ],
    "baud_rate": 115200,
    "write_timeout_ms": 50,
    "timeout_seconds": 1.0
  },
  "pid": {
    "Kp_x": 0.6,
    "Ki_x": 0.1,
    "Kd_x": 0.4,
    "Kp_y": 0.6,
    "Ki_y": 0.1,
    "Kd_y": 0.4
  },
  "platform": {
    "max_roll_angle": 15.0,
    "max_pitch_angle": 15.0
  },
  "offset_adjustment_deg": 0.0
}