{
  "timestamp": "2025-11-28T12:46:55.219962",
  "platform_type": "circular",
  "platform_radius_m": 0.15,
  "platform_center_pixels": [
    220,
    224
  ],
  "platform_radius_pixels": 170.31462699364056,
  "camera": {
    "index": 1,
    "frame_width": 640,
    "frame_height": 480
  },
  "ball_detection": {
    "lower_hsv": [
      7.0,
      72.75,
      224.0
    ],
    "upper_hsv": [
      31.0,
      222.25,
      255.0
    ]
  },
  "calibration": {
    "pixel_to_meter_ratio": 0.0008807229458078249,
    "pixel_to_meter_ratio_x": 0.0008807229458078249,
    "pixel_to_meter_ratio_y": 0.0008807229458078249
  },
  "motor_positions_pixels": [
    [
      358,
      325
    ],
    [
      254,
      57
    ],
    [
      58,
      274
    ]
  ],
  "motor_angles_deg": [
    36.34965700804312,
    281.2318907235113,
    162.9464336241532
  ],
  "axis_rotation_deg": 36.34965700804312,
  "servo": {
    "ports": [
      "COM3",
      "COM4",
      "COM5"
    ],
    "neutral_angles": [
      15,
      15,
      15
    ],
    "baud_rate": 115200,
    "write_timeout_ms": 50,
    "timeout_seconds": 1.0
  },
  "pid": {
    "Kp_x": 0.55,
    "Ki_x": 0.1,
    "Kd_x": 0.3,
    "Kp_y": 0.55,
    "Ki_y": 0.1,
    "Kd_y": 0.3
  },
  "platform": {
    "max_roll_angle": 15.0,
    "max_pitch_angle": 15.0
  },
  "offset_adjustment_deg": 0.0
}