{
  "timestamp": "2025-11-25T12:05:33.287197",
  "platform_type": "circular",
  "platform_radius_m": 0.15,
  "platform_center_pixels": [
    303,
    257
  ],
  "platform_radius_pixels": 165.7595791043367,
  "camera": {
    "index": 1,
    "frame_width": 640,
    "frame_height": 480
  },
  "ball_detection": {
    "lower_hsv": [
      7.0,
      64.25,
      205.0
    ],
    "upper_hsv": [
      34.0,
      226.75,
      255.0
    ]
  },
  "calibration": {
    "pixel_to_meter_ratio": 0.0009049250776969161,
    "pixel_to_meter_ratio_x": 0.0009049250776969161,
    "pixel_to_meter_ratio_y": 0.0009049250776969161
  },
  "motor_positions_pixels": [
    [
      415,
      380
    ],
    [
      363,
      103
    ],
    [
      138,
      271
    ]
  ],
  "motor_angles_deg": [
    47.595054761914184,
    291.1406583219544,
    175.3643997723178
  ],
  "axis_rotation_deg": 47.595054761914184,
  "servo": {
    "ports": [
      "COM3",
      "COM4",
      "COM5"
    ],
    "neutral_angles": [
      14.0,
      12.0,
      16.0
    ],
    "baud_rate": 115200,
    "write_timeout_ms": 50,
    "timeout_seconds": 1.0
  },
  "pid": {
    "Kp_x": 0.6,
    "Ki_x": 0.1,
    "Kd_x": 0.4,
    "Kp_y": 0.6,
    "Ki_y": 0.1,
    "Kd_y": 0.4
  },
  "platform": {
    "max_roll_angle": 15.0,
    "max_pitch_angle": 15.0
  },
  "offset_adjustment_deg": 0.0
}