{
  "timestamp": "2025-11-25T19:18:37.858300",
  "platform_type": "circular",
  "platform_radius_m": 0.15,
  "platform_center_pixels": [
    279,
    189
  ],
  "platform_radius_pixels": 172.86109991721875,
  "camera": {
    "index": 1,
    "frame_width": 640,
    "frame_height": 480
  },
  "ball_detection": {
    "lower_hsv": [
      11.0,
      161.85,
      143.0
    ],
    "upper_hsv": [
      25.0,
      255.0,
      208.0
    ]
  },
  "calibration": {
    "pixel_to_meter_ratio": 0.0008677487304652887,
    "pixel_to_meter_ratio_x": 0.0008677487304652887,
    "pixel_to_meter_ratio_y": 0.0008677487304652887
  },
  "motor_positions_pixels": [
    [
      388,
      324
    ],
    [
      350,
      32
    ],
    [
      107,
      205
    ]
  ],
  "motor_angles_deg": [
    50.98578478708304,
    294.18495463096747,
    174.9183202857962
  ],
  "axis_rotation_deg": 50.98578478708304,
  "servo": {
    "ports": [
      "COM3",
      "COM4",
      "COM5"
    ],
    "neutral_angles": [
      15,
      15,
      15
    ],
    "baud_rate": 115200,
    "write_timeout_ms": 50,
    "timeout_seconds": 1.0
  },
  "pid": {
    "Kp_x": 0.55,
    "Ki_x": 0.1,
    "Kd_x": 0.3,
    "Kp_y": 0.55,
    "Ki_y": 0.1,
    "Kd_y": 0.3
  },
  "platform": {
    "max_roll_angle": 15.0,
    "max_pitch_angle": 15.0
  },
  "offset_adjustment_deg": 0.0
}