{
  "timestamp": "2025-11-25T23:12:59.411927",
  "platform_type": "circular",
  "platform_radius_m": 0.15,
  "platform_center_pixels": [
    339,
    202
  ],
  "platform_radius_pixels": 167.74329245556834,
  "camera": {
    "index": 1,
    "frame_width": 640,
    "frame_height": 480
  },
  "ball_detection": {
    "lower_hsv": [
      12.0,
      184.0,
      143.0
    ],
    "upper_hsv": [
      25.0,
      255.0,
      218.0
    ]
  },
  "calibration": {
    "pixel_to_meter_ratio": 0.0008942235352852147,
    "pixel_to_meter_ratio_x": 0.0008942235352852147,
    "pixel_to_meter_ratio_y": 0.0008942235352852147
  },
  "motor_positions_pixels": [
    [
      240,
      337
    ],
    [
      507,
      217
    ],
    [
      274,
      48
    ]
  ],
  "motor_angles_deg": [
    126.55466647818919,
    5.043390339493797,
    246.86500713732468
  ],
  "axis_rotation_deg": 126.55466647818919,
  "servo": {
    "ports": [
      "COM3",
      "COM4",
      "COM5"
    ],
    "neutral_angles": [
      15,
      15,
      15
    ],
    "baud_rate": 115200,
    "write_timeout_ms": 50,
    "timeout_seconds": 1.0
  },
  "pid": {
    "Kp_x": 0.55,
    "Ki_x": 0.1,
    "Kd_x": 0.3,
    "Kp_y": 0.55,
    "Ki_y": 0.1,
    "Kd_y": 0.3
  },
  "platform": {
    "max_roll_angle": 15.0,
    "max_pitch_angle": 15.0
  },
  "offset_adjustment_deg": 0.0
}