{
  "timestamp": "2025-11-11T12:27:01.215343",
  "platform_type": "circular",
  "platform_radius_m": 0.1,
  "platform_center_pixels": [
    294,
    247
  ],
  "platform_radius_pixels": 165.92166826548,
  "camera": {
    "index": 1,
    "frame_width": 640,
    "frame_height": 480
  },
  "ball_detection": {
    "lower_hsv": [
      4.0,
      121.6,
      75.6
    ],
    "upper_hsv": [
      21.0,
      255.0,
      255.0
    ]
  },
  "calibration": {
    "pixel_to_meter_ratio": 0.00060269403656186,
    "pixel_to_meter_ratio_x": 0.00060269403656186,
    "pixel_to_meter_ratio_y": 0.00060269403656186,
    "position_min_x_m": -0.001268901960057784,
    "position_max_x_m": 0.0019000615552648152,
    "position_min_y_m": 0.07062488291779888,
    "position_max_y_m": 0.07097026772696544
  },
  "servo": {
    "ports": [
      "COM3",
      "COM4",
      "COM5"
    ],
    "neutral_angles": [
      15,
      15,
      15
    ],
    "motor_direction_invert": [
      false,
      false,
      false
    ]
  },
  "pid": {
    "Kp_x": 0.6,
    "Ki_x": 0.245,
    "Kd_x": 0.565,
    "Kp_y": 0.6,
    "Ki_y": 0.27,
    "Kd_y": 0.6
  },
  "platform": {
    "max_roll_angle": 15.0,
    "max_pitch_angle": 15.0,
    "roll_direction_invert": true
  }
}