{
  "timestamp": "2025-11-27T22:06:58.297063",
  "platform_type": "circular",
  "platform_radius_m": 0.15,
  "platform_center_pixels": [
    207,
    249
  ],
  "platform_radius_pixels": 171.19970292491868,
  "camera": {
    "index": 1,
    "frame_width": 640,
    "frame_height": 480
  },
  "ball_detection": {
    "lower_hsv": [
      12.0,
      148.05,
      149.0
    ],
    "upper_hsv": [
      26.0,
      255.0,
      208.0
    ]
  },
  "calibration": {
    "pixel_to_meter_ratio": 0.0008761697446740546,
    "pixel_to_meter_ratio_x": 0.0008761697446740546,
    "pixel_to_meter_ratio_y": 0.0008761697446740546
  },
  "motor_positions_pixels": [
    [
      348,
      348
    ],
    [
      236,
      81
    ],
    [
      46,
      306
    ]
  ],
  "motor_angles_deg": [
    34.98140601586319,
    279.5048677900212,
    160.85360005379349
  ],
  "axis_rotation_deg": 34.98140601586319,
  "servo": {
    "ports": [
      "COM3",
      "COM4",
      "COM5"
    ],
    "neutral_angles": [
      15,
      15,
      15
    ],
    "baud_rate": 115200,
    "write_timeout_ms": 50,
    "timeout_seconds": 1.0
  },
  "pid": {
    "Kp_x": 0.55,
    "Ki_x": 0.1,
    "Kd_x": 0.3,
    "Kp_y": 0.55,
    "Ki_y": 0.1,
    "Kd_y": 0.3
  },
  "platform": {
    "max_roll_angle": 15.0,
    "max_pitch_angle": 15.0
  },
  "offset_adjustment_deg": 0.0
}