{
  "timestamp": "2025-11-24T18:14:36.813140",
  "platform_type": "circular",
  "platform_radius_m": 0.15,
  "platform_center_pixels": [
    269,
    275
  ],
  "platform_radius_pixels": 171.7506026128721,
  "camera": {
    "index": 1,
    "frame_width": 640,
    "frame_height": 480
  },
  "ball_detection": {
    "lower_hsv": [
      10.0,
      171.05,
      140.0
    ],
    "upper_hsv": [
      26.0,
      255.0,
      219.0
    ]
  },
  "calibration": {
    "pixel_to_meter_ratio": 0.0008733593810910916,
    "pixel_to_meter_ratio_x": 0.0008733593810910916,
    "pixel_to_meter_ratio_y": 0.0008733593810910916
  },
  "motor_positions_pixels": [
    [
      390,
      397
    ],
    [
      334,
      116
    ],
    [
      98,
      290
    ]
  ],
  "motor_angles_deg": [
    45.25496725495957,
    292.20360143227117,
    174.99457598928376
  ],
  "axis_rotation_deg": 45.25496725495957,
  "servo": {
    "ports": [
      "COM3",
      "COM4",
      "COM5"
    ],
    "neutral_angles": [
      15,
      15,
      15
    ],
    "baud_rate": 115200,
    "write_timeout_ms": 50,
    "timeout_seconds": 1.0
  },
  "pid": {
    "Kp_x": 0.55,
    "Ki_x": 0.1,
    "Kd_x": 0.3,
    "Kp_y": 0.55,
    "Ki_y": 0.1,
    "Kd_y": 0.3
  },
  "platform": {
    "max_roll_angle": 15.0,
    "max_pitch_angle": 15.0
  },
  "offset_adjustment_deg": 0.0
}