{
  "timestamp": "2025-11-18T11:27:21.499757",
  "platform_type": "circular",
  "platform_radius_m": 0.1,
  "platform_center_pixels": [
    373,
    241
  ],
  "platform_radius_pixels": 169.55972900783902,
  "camera": {
    "index": 1,
    "frame_width": 640,
    "frame_height": 480
  },
  "ball_detection": {
    "lower_hsv": [
      6.0,
      111.25,
      88.25
    ],
    "upper_hsv": [
      24.0,
      255.0,
      255.0
    ]
  },
  "calibration": {
    "pixel_to_meter_ratio": 0.0005897626788220264,
    "pixel_to_meter_ratio_x": 0.0005897626788220264,
    "pixel_to_meter_ratio_y": 0.0005897626788220264,
    "position_min_x_m": -0.08190047621418536,
    "position_max_x_m": 0.055933677938605195,
    "position_min_y_m": -0.0962929479422111,
    "position_max_y_m": 0.06461317400412095
  },
  "servo": {
    "port": "COM3",
    "ports": [
      "COM3"
    ],
    "neutral_angles": [
      15,
      15,
      15
    ],
    "motor_direction_invert": [
      false,
      false,
      false
    ]
  },
  "pid": {
    "Kp_x": 1.6,
    "Ki_x": 0.08,
    "Kd_x": 2.825,
    "Kp_y": 1.6,
    "Ki_y": 0.08,
    "Kd_y": 2.825
  },
  "platform": {
    "max_roll_angle": 15.0,
    "max_pitch_angle": 15.0,
    "roll_direction_invert": true,
    "pitch_direction_invert": true
  },
  "motor_positions_pixels": [
    [
      378,
      72
    ],
    [
      222,
      317
    ],
    [
      522,
      324
    ]
  ],
  "motor_angles_deg": [
    271.69464706853717,
    153.2833730402537,
    29.119861222924726
  ],
  "axis_rotation_deg": -181.69464706853717
}