{
  "timestamp": "2025-11-22T01:16:00.481593",
  "platform_type": "circular",
  "platform_radius_m": 0.15,
  "platform_center_pixels": [
    260,
    224
  ],
  "platform_radius_pixels": 174.01149387324966,
  "camera": {
    "index": 1,
    "frame_width": 640,
    "frame_height": 480
  },
  "ball_detection": {
    "lower_hsv": [
      8.0,
      160.7,
      73.95
    ],
    "upper_hsv": [
      26.0,
      255.0,
      213.05
    ]
  },
  "calibration": {
    "pixel_to_meter_ratio": 0.0008620120238106817,
    "pixel_to_meter_ratio_x": 0.0008620120238106817,
    "pixel_to_meter_ratio_y": 0.0008620120238106817,
    "position_min_x_m": -0.17271499263515977,
    "position_max_x_m": -0.1724459353105014,
    "position_min_y_m": -0.10590464655589651,
    "position_max_y_m": -0.10556927526418654
  },
  "servo": {
    "port": "COM3",
    "ports": [
      "COM3",
      "COM4",
      "COM5"
    ],
    "neutral_angles": [
      15,
      15,
      15
    ],
    "motor_direction_invert": [
      false,
      false,
      false
    ],
    "debug_packets": true,
    "baud_rate": 115200,
    "write_timeout_ms": 50,
    "timeout_seconds": 1.0
  },
  "pid": {
    "Kp_x": 1.5,
    "Ki_x": 0.1,
    "Kd_x": 0.5,
    "Kp_y": 1.5,
    "Ki_y": 0.1,
    "Kd_y": 0.5,
    "Kp_m1": 1.0,
    "Ki_m1": 0.0,
    "Kd_m1": 0.0,
    "Kp_m2": 0.0,
    "Ki_m2": 0.0,
    "Kd_m2": 0.0,
    "Kp_m3": 0.0,
    "Ki_m3": 0.0,
    "Kd_m3": 0.0
  },
  "platform": {
    "max_roll_angle": 15.0,
    "max_pitch_angle": 15.0,
    "roll_direction_invert": true
  },
  "motor_positions_pixels": [
    [
      270,
      386
    ],
    [
      122,
      136
    ],
    [
      406,
      137
    ]
  ],
  "motor_angles_deg": [
    87.58534347914922,
    210.78414652632642,
    329.8682813584982
  ],
  "axis_rotation_deg": 2.4146565208507837,
  "logging": {
    "enable": true,
    "log_directory": "logs"
  }
}