{
  "timestamp": "2025-11-24T15:46:46.832525",
  "platform_type": "circular",
  "platform_radius_m": 0.15,
  "platform_center_pixels": [
    264,
    242
  ],
  "platform_radius_pixels": 169.6940078867974,
  "camera": {
    "index": 1,
    "frame_width": 640,
    "frame_height": 480
  },
  "ball_detection": {
    "lower_hsv": [
      10.0,
      76.0,
      157.5
    ],
    "upper_hsv": [
      25.0,
      255.0,
      248.5
    ]
  },
  "calibration": {
    "pixel_to_meter_ratio": 0.0008839439993665819,
    "pixel_to_meter_ratio_x": 0.0008839439993665819,
    "pixel_to_meter_ratio_y": 0.0008839439993665819
  },
  "motor_positions_pixels": [
    [
      318,
      403
    ],
    [
      382,
      120
    ],
    [
      102,
      192
    ]
  ],
  "motor_angles_deg": [
    71.49288956312925,
    313.9931035195633,
    197.16535022541467
  ],
  "axis_rotation_deg": 71.49288956312925,
  "servo": {
    "ports": [
      "COM3",
      "COM4",
      "COM5"
    ],
    "neutral_angles": [
      15,
      15,
      15
    ],
    "baud_rate": 115200,
    "write_timeout_ms": 50,
    "timeout_seconds": 1.0
  },
  "pid": {
    "Kp_x": 0.6,
    "Ki_x": 0.1,
    "Kd_x": 0.4,
    "Kp_y": 0.6,
    "Ki_y": 0.1,
    "Kd_y": 0.4
  },
  "platform": {
    "max_roll_angle": 15.0,
    "max_pitch_angle": 15.0
  },
  "offset_adjustment_deg": 0.0
}